{"minzoom":0,"maxzoom":8,"center":[90.703125,23.88424,8.0],"bounds":[88.012199,20.634852,92.668365,26.645321]}