{"minzoom":0,"maxzoom":9,"center":[90.351562,22.268386,9.0],"bounds":[88.012199,20.634852,92.668365,26.645321]}